{"pages":["AvrileSans-Regular.png"],"chars":[{"id":291,"index":229,"char":"ģ","width":23,"height":46,"xoffset":0,"yoffset":15,"xadvance":26,"chnl":15,"x":0,"y":0,"page":0},{"id":253,"index":191,"char":"ý","width":24,"height":46,"xoffset":-2,"yoffset":15,"xadvance":20,"chnl":15,"x":0,"y":47,"page":0},{"id":254,"index":192,"char":"þ","width":23,"height":46,"xoffset":1,"yoffset":15,"xadvance":24,"chnl":15,"x":24,"y":0,"page":0},{"id":285,"index":223,"char":"ĝ","width":23,"height":46,"xoffset":0,"yoffset":15,"xadvance":24,"chnl":15,"x":0,"y":94,"page":0},{"id":375,"index":313,"char":"ŷ","width":24,"height":46,"xoffset":-2,"yoffset":15,"xadvance":20,"chnl":15,"x":0,"y":141,"page":0},{"id":166,"index":104,"char":"¦","width":7,"height":46,"xoffset":7,"yoffset":15,"xadvance":22,"chnl":15,"x":24,"y":94,"page":0},{"id":293,"index":231,"char":"ĥ","width":27,"height":46,"xoffset":-4,"yoffset":5,"xadvance":25,"chnl":15,"x":25,"y":47,"page":0},{"id":124,"index":95,"char":"|","width":7,"height":46,"xoffset":7,"yoffset":15,"xadvance":22,"chnl":15,"x":48,"y":0,"page":0},{"id":309,"index":247,"char":"ĵ","width":18,"height":46,"xoffset":-4,"yoffset":15,"xadvance":10,"chnl":15,"x":0,"y":188,"page":0},{"id":314,"index":252,"char":"ĺ","width":12,"height":46,"xoffset":1,"yoffset":5,"xadvance":10,"chnl":15,"x":0,"y":235,"page":0},{"id":366,"index":304,"char":"Ů","width":26,"height":46,"xoffset":2,"yoffset":5,"xadvance":29,"chnl":15,"x":0,"y":282,"page":0},{"id":307,"index":245,"char":"ĳ","width":19,"height":45,"xoffset":1,"yoffset":16,"xadvance":21,"chnl":15,"x":13,"y":235,"page":0},{"id":289,"index":227,"char":"ġ","width":23,"height":45,"xoffset":0,"yoffset":16,"xadvance":24,"chnl":15,"x":19,"y":188,"page":0},{"id":255,"index":193,"char":"ÿ","width":24,"height":45,"xoffset":-2,"yoffset":16,"xadvance":20,"chnl":15,"x":25,"y":141,"page":0},{"id":287,"index":225,"char":"ğ","width":23,"height":45,"xoffset":0,"yoffset":16,"xadvance":24,"chnl":15,"x":32,"y":94,"page":0},{"id":210,"index":148,"char":"Ò","width":30,"height":45,"xoffset":0,"yoffset":7,"xadvance":31,"chnl":15,"x":53,"y":47,"page":0},{"id":211,"index":149,"char":"Ó","width":30,"height":45,"xoffset":0,"yoffset":7,"xadvance":31,"chnl":15,"x":56,"y":0,"page":0},{"id":311,"index":249,"char":"ķ","width":22,"height":45,"xoffset":1,"yoffset":15,"xadvance":21,"chnl":15,"x":0,"y":329,"page":0},{"id":106,"index":77,"char":"j","width":13,"height":45,"xoffset":-4,"yoffset":16,"xadvance":10,"chnl":15,"x":0,"y":375,"page":0},{"id":212,"index":150,"char":"Ô","width":30,"height":45,"xoffset":0,"yoffset":7,"xadvance":31,"chnl":15,"x":0,"y":421,"page":0},{"id":316,"index":254,"char":"ļ","width":9,"height":45,"xoffset":0,"yoffset":15,"xadvance":10,"chnl":15,"x":14,"y":375,"page":0},{"id":336,"index":274,"char":"Ő","width":30,"height":45,"xoffset":0,"yoffset":7,"xadvance":31,"chnl":15,"x":23,"y":329,"page":0},{"id":205,"index":143,"char":"Í","width":15,"height":44,"xoffset":0,"yoffset":7,"xadvance":14,"chnl":15,"x":24,"y":375,"page":0},{"id":340,"index":278,"char":"Ŕ","width":24,"height":44,"xoffset":2,"yoffset":7,"xadvance":25,"chnl":15,"x":27,"y":281,"page":0},{"id":219,"index":157,"char":"Û","width":26,"height":44,"xoffset":2,"yoffset":7,"xadvance":29,"chnl":15,"x":33,"y":234,"page":0},{"id":218,"index":156,"char":"Ú","width":26,"height":44,"xoffset":2,"yoffset":7,"xadvance":29,"chnl":15,"x":43,"y":187,"page":0},{"id":217,"index":155,"char":"Ù","width":26,"height":44,"xoffset":2,"yoffset":7,"xadvance":29,"chnl":15,"x":50,"y":140,"page":0},{"id":327,"index":265,"char":"Ň","width":27,"height":44,"xoffset":2,"yoffset":7,"xadvance":30,"chnl":15,"x":56,"y":93,"page":0},{"id":323,"index":261,"char":"Ń","width":27,"height":44,"xoffset":2,"yoffset":7,"xadvance":30,"chnl":15,"x":52,"y":279,"page":0},{"id":221,"index":159,"char":"Ý","width":27,"height":44,"xoffset":-2,"yoffset":7,"xadvance":23,"chnl":15,"x":60,"y":232,"page":0},{"id":346,"index":284,"char":"Ś","width":22,"height":44,"xoffset":0,"yoffset":7,"xadvance":22,"chnl":15,"x":70,"y":185,"page":0},{"id":348,"index":286,"char":"Ŝ","width":22,"height":44,"xoffset":0,"yoffset":7,"xadvance":22,"chnl":15,"x":77,"y":138,"page":0},{"id":313,"index":251,"char":"Ĺ","width":20,"height":44,"xoffset":2,"yoffset":7,"xadvance":21,"chnl":15,"x":84,"y":46,"page":0},{"id":350,"index":288,"char":"Ş","width":22,"height":44,"xoffset":0,"yoffset":17,"xadvance":22,"chnl":15,"x":87,"y":0,"page":0},{"id":368,"index":306,"char":"Ű","width":26,"height":44,"xoffset":2,"yoffset":7,"xadvance":29,"chnl":15,"x":84,"y":91,"page":0},{"id":308,"index":246,"char":"Ĵ","width":21,"height":44,"xoffset":-1,"yoffset":7,"xadvance":16,"chnl":15,"x":105,"y":45,"page":0},{"id":377,"index":315,"char":"Ź","width":24,"height":44,"xoffset":-1,"yoffset":7,"xadvance":23,"chnl":15,"x":110,"y":0,"page":0},{"id":352,"index":290,"char":"Š","width":22,"height":44,"xoffset":0,"yoffset":7,"xadvance":22,"chnl":15,"x":0,"y":467,"page":0},{"id":303,"index":241,"char":"į","width":11,"height":44,"xoffset":-1,"yoffset":16,"xadvance":10,"chnl":15,"x":0,"y":512,"page":0},{"id":354,"index":292,"char":"Ţ","width":25,"height":44,"xoffset":-2,"yoffset":17,"xadvance":22,"chnl":15,"x":0,"y":557,"page":0},{"id":262,"index":200,"char":"Ć","width":25,"height":44,"xoffset":0,"yoffset":7,"xadvance":25,"chnl":15,"x":12,"y":512,"page":0},{"id":206,"index":144,"char":"Î","width":18,"height":44,"xoffset":-2,"yoffset":7,"xadvance":14,"chnl":15,"x":23,"y":467,"page":0},{"id":344,"index":282,"char":"Ř","width":24,"height":44,"xoffset":2,"yoffset":7,"xadvance":25,"chnl":15,"x":31,"y":420,"page":0},{"id":372,"index":310,"char":"Ŵ","width":40,"height":44,"xoffset":-2,"yoffset":7,"xadvance":37,"chnl":15,"x":40,"y":375,"page":0},{"id":292,"index":230,"char":"Ĥ","width":26,"height":44,"xoffset":2,"yoffset":7,"xadvance":29,"chnl":15,"x":54,"y":324,"page":0},{"id":381,"index":319,"char":"Ž","width":24,"height":44,"xoffset":-1,"yoffset":7,"xadvance":23,"chnl":15,"x":80,"y":277,"page":0},{"id":290,"index":228,"char":"Ģ","width":27,"height":44,"xoffset":0,"yoffset":17,"xadvance":29,"chnl":15,"x":88,"y":230,"page":0},{"id":204,"index":142,"char":"Ì","width":15,"height":44,"xoffset":-1,"yoffset":7,"xadvance":14,"chnl":15,"x":93,"y":183,"page":0},{"id":374,"index":312,"char":"Ŷ","width":27,"height":44,"xoffset":-2,"yoffset":7,"xadvance":23,"chnl":15,"x":100,"y":136,"page":0},{"id":356,"index":294,"char":"Ť","width":25,"height":44,"xoffset":-2,"yoffset":7,"xadvance":22,"chnl":15,"x":111,"y":90,"page":0},{"id":202,"index":140,"char":"Ê","width":20,"height":44,"xoffset":2,"yoffset":7,"xadvance":22,"chnl":15,"x":127,"y":45,"page":0},{"id":284,"index":222,"char":"Ĝ","width":27,"height":44,"xoffset":0,"yoffset":7,"xadvance":29,"chnl":15,"x":135,"y":0,"page":0},{"id":282,"index":220,"char":"Ě","width":20,"height":44,"xoffset":2,"yoffset":7,"xadvance":22,"chnl":15,"x":109,"y":181,"page":0},{"id":201,"index":139,"char":"É","width":20,"height":44,"xoffset":2,"yoffset":7,"xadvance":22,"chnl":15,"x":128,"y":135,"page":0},{"id":200,"index":138,"char":"È","width":20,"height":44,"xoffset":2,"yoffset":7,"xadvance":22,"chnl":15,"x":137,"y":90,"page":0},{"id":199,"index":137,"char":"Ç","width":25,"height":44,"xoffset":0,"yoffset":17,"xadvance":25,"chnl":15,"x":148,"y":45,"page":0},{"id":270,"index":208,"char":"Ď","width":27,"height":44,"xoffset":2,"yoffset":7,"xadvance":29,"chnl":15,"x":163,"y":0,"page":0},{"id":268,"index":206,"char":"Č","width":25,"height":44,"xoffset":0,"yoffset":7,"xadvance":25,"chnl":15,"x":0,"y":602,"page":0},{"id":264,"index":202,"char":"Ĉ","width":25,"height":44,"xoffset":0,"yoffset":7,"xadvance":25,"chnl":15,"x":0,"y":647,"page":0},{"id":192,"index":130,"char":"À","width":29,"height":44,"xoffset":-2,"yoffset":7,"xadvance":25,"chnl":15,"x":0,"y":692,"page":0},{"id":193,"index":131,"char":"Á","width":29,"height":44,"xoffset":-2,"yoffset":7,"xadvance":25,"chnl":15,"x":26,"y":557,"page":0},{"id":194,"index":132,"char":"Â","width":29,"height":44,"xoffset":-2,"yoffset":7,"xadvance":25,"chnl":15,"x":38,"y":512,"page":0},{"id":325,"index":263,"char":"Ņ","width":27,"height":43,"xoffset":2,"yoffset":17,"xadvance":30,"chnl":15,"x":42,"y":465,"page":0},{"id":214,"index":152,"char":"Ö","width":30,"height":43,"xoffset":0,"yoffset":8,"xadvance":31,"chnl":15,"x":56,"y":420,"page":0},{"id":288,"index":226,"char":"Ġ","width":27,"height":43,"xoffset":0,"yoffset":9,"xadvance":29,"chnl":15,"x":26,"y":602,"page":0},{"id":213,"index":151,"char":"Õ","width":30,"height":43,"xoffset":0,"yoffset":8,"xadvance":31,"chnl":15,"x":26,"y":646,"page":0},{"id":286,"index":224,"char":"Ğ","width":27,"height":43,"xoffset":0,"yoffset":8,"xadvance":29,"chnl":15,"x":54,"y":602,"page":0},{"id":364,"index":302,"char":"Ŭ","width":26,"height":43,"xoffset":2,"yoffset":8,"xadvance":29,"chnl":15,"x":56,"y":557,"page":0},{"id":302,"index":240,"char":"Į","width":15,"height":43,"xoffset":0,"yoffset":17,"xadvance":14,"chnl":15,"x":68,"y":509,"page":0},{"id":300,"index":238,"char":"Ĭ","width":17,"height":43,"xoffset":-1,"yoffset":8,"xadvance":14,"chnl":15,"x":70,"y":464,"page":0},{"id":280,"index":218,"char":"Ę","width":20,"height":43,"xoffset":2,"yoffset":17,"xadvance":22,"chnl":15,"x":81,"y":322,"page":0},{"id":220,"index":158,"char":"Ü","width":26,"height":43,"xoffset":2,"yoffset":9,"xadvance":29,"chnl":15,"x":81,"y":366,"page":0},{"id":276,"index":214,"char":"Ĕ","width":20,"height":43,"xoffset":2,"yoffset":8,"xadvance":22,"chnl":15,"x":102,"y":322,"page":0},{"id":315,"index":253,"char":"Ļ","width":20,"height":43,"xoffset":2,"yoffset":17,"xadvance":21,"chnl":15,"x":105,"y":275,"page":0},{"id":370,"index":308,"char":"Ų","width":26,"height":43,"xoffset":2,"yoffset":17,"xadvance":31,"chnl":15,"x":116,"y":226,"page":0},{"id":334,"index":272,"char":"Ŏ","width":30,"height":43,"xoffset":0,"yoffset":8,"xadvance":31,"chnl":15,"x":130,"y":180,"page":0},{"id":258,"index":196,"char":"Ă","width":29,"height":43,"xoffset":-2,"yoffset":8,"xadvance":25,"chnl":15,"x":149,"y":135,"page":0},{"id":266,"index":204,"char":"Ċ","width":25,"height":43,"xoffset":0,"yoffset":9,"xadvance":25,"chnl":15,"x":158,"y":90,"page":0},{"id":360,"index":298,"char":"Ũ","width":26,"height":43,"xoffset":2,"yoffset":9,"xadvance":29,"chnl":15,"x":174,"y":45,"page":0},{"id":342,"index":280,"char":"Ŗ","width":24,"height":43,"xoffset":2,"yoffset":17,"xadvance":25,"chnl":15,"x":191,"y":0,"page":0},{"id":310,"index":248,"char":"Ķ","width":25,"height":43,"xoffset":2,"yoffset":17,"xadvance":25,"chnl":15,"x":87,"y":410,"page":0},{"id":260,"index":198,"char":"Ą","width":30,"height":43,"xoffset":-2,"yoffset":17,"xadvance":25,"chnl":15,"x":108,"y":366,"page":0},{"id":304,"index":242,"char":"İ","width":14,"height":42,"xoffset":0,"yoffset":9,"xadvance":14,"chnl":15,"x":123,"y":319,"page":0},{"id":195,"index":133,"char":"Ã","width":29,"height":42,"xoffset":-2,"yoffset":9,"xadvance":25,"chnl":15,"x":126,"y":270,"page":0},{"id":355,"index":293,"char":"ţ","width":17,"height":42,"xoffset":-1,"yoffset":19,"xadvance":14,"chnl":15,"x":143,"y":224,"page":0},{"id":81,"index":52,"char":"Q","width":30,"height":42,"xoffset":0,"yoffset":17,"xadvance":31,"chnl":15,"x":138,"y":313,"page":0},{"id":330,"index":268,"char":"Ŋ","width":27,"height":42,"xoffset":2,"yoffset":17,"xadvance":30,"chnl":15,"x":156,"y":267,"page":0},{"id":278,"index":216,"char":"Ė","width":20,"height":42,"xoffset":2,"yoffset":9,"xadvance":22,"chnl":15,"x":161,"y":179,"page":0},{"id":376,"index":314,"char":"Ÿ","width":27,"height":42,"xoffset":-2,"yoffset":9,"xadvance":23,"chnl":15,"x":179,"y":134,"page":0},{"id":203,"index":141,"char":"Ë","width":20,"height":42,"xoffset":2,"yoffset":9,"xadvance":22,"chnl":15,"x":184,"y":89,"page":0},{"id":196,"index":134,"char":"Ä","width":29,"height":42,"xoffset":-2,"yoffset":9,"xadvance":25,"chnl":15,"x":201,"y":44,"page":0},{"id":296,"index":234,"char":"Ĩ","width":19,"height":42,"xoffset":-3,"yoffset":9,"xadvance":14,"chnl":15,"x":216,"y":0,"page":0},{"id":379,"index":317,"char":"Ż","width":24,"height":42,"xoffset":-1,"yoffset":9,"xadvance":23,"chnl":15,"x":205,"y":87,"page":0},{"id":207,"index":145,"char":"Ï","width":15,"height":42,"xoffset":-1,"yoffset":9,"xadvance":14,"chnl":15,"x":161,"y":222,"page":0},{"id":209,"index":147,"char":"Ñ","width":27,"height":42,"xoffset":2,"yoffset":9,"xadvance":30,"chnl":15,"x":177,"y":222,"page":0},{"id":182,"index":120,"char":"¶","width":24,"height":41,"xoffset":0,"yoffset":15,"xadvance":26,"chnl":15,"x":182,"y":177,"page":0},{"id":123,"index":94,"char":"{","width":17,"height":41,"xoffset":-1,"yoffset":17,"xadvance":15,"chnl":15,"x":0,"y":737,"page":0},{"id":40,"index":11,"char":"(","width":13,"height":41,"xoffset":0,"yoffset":17,"xadvance":12,"chnl":15,"x":0,"y":779,"page":0},{"id":41,"index":12,"char":")","width":13,"height":41,"xoffset":-1,"yoffset":17,"xadvance":12,"chnl":15,"x":0,"y":821,"page":0},{"id":93,"index":64,"char":"]","width":13,"height":41,"xoffset":-1,"yoffset":17,"xadvance":13,"chnl":15,"x":0,"y":863,"page":0},{"id":91,"index":62,"char":"[","width":13,"height":41,"xoffset":1,"yoffset":17,"xadvance":13,"chnl":15,"x":0,"y":905,"page":0},{"id":197,"index":135,"char":"Å","width":29,"height":41,"xoffset":-2,"yoffset":10,"xadvance":25,"chnl":15,"x":0,"y":947,"page":0},{"id":332,"index":270,"char":"Ō","width":30,"height":41,"xoffset":0,"yoffset":11,"xadvance":31,"chnl":15,"x":14,"y":779,"page":0},{"id":125,"index":96,"char":"}","width":17,"height":41,"xoffset":-1,"yoffset":17,"xadvance":15,"chnl":15,"x":18,"y":737,"page":0},{"id":274,"index":212,"char":"Ē","width":20,"height":40,"xoffset":2,"yoffset":11,"xadvance":22,"chnl":15,"x":30,"y":690,"page":0},{"id":298,"index":236,"char":"Ī","width":16,"height":40,"xoffset":-1,"yoffset":11,"xadvance":14,"chnl":15,"x":36,"y":731,"page":0},{"id":87,"index":58,"char":"W","width":40,"height":34,"xoffset":-2,"yoffset":17,"xadvance":37,"chnl":15,"x":0,"y":989,"page":0},{"id":256,"index":194,"char":"Ā","width":29,"height":40,"xoffset":-2,"yoffset":11,"xadvance":25,"chnl":15,"x":51,"y":690,"page":0},{"id":362,"index":300,"char":"Ū","width":26,"height":40,"xoffset":2,"yoffset":11,"xadvance":29,"chnl":15,"x":57,"y":646,"page":0},{"id":367,"index":305,"char":"ů","width":22,"height":39,"xoffset":1,"yoffset":13,"xadvance":24,"chnl":15,"x":82,"y":601,"page":0},{"id":229,"index":167,"char":"å","width":21,"height":39,"xoffset":0,"yoffset":13,"xadvance":22,"chnl":15,"x":83,"y":553,"page":0},{"id":64,"index":35,"char":"@","width":35,"height":38,"xoffset":0,"yoffset":17,"xadvance":35,"chnl":15,"x":84,"y":508,"page":0},{"id":36,"index":7,"char":"$","width":22,"height":38,"xoffset":1,"yoffset":15,"xadvance":23,"chnl":15,"x":88,"y":454,"page":0},{"id":265,"index":203,"char":"ĉ","width":20,"height":37,"xoffset":0,"yoffset":15,"xadvance":19,"chnl":15,"x":111,"y":454,"page":0},{"id":121,"index":92,"char":"y","width":24,"height":37,"xoffset":-2,"yoffset":24,"xadvance":20,"chnl":15,"x":113,"y":410,"page":0},{"id":263,"index":201,"char":"ć","width":20,"height":37,"xoffset":0,"yoffset":15,"xadvance":19,"chnl":15,"x":14,"y":821,"page":0},{"id":339,"index":277,"char":"œ","width":37,"height":27,"xoffset":0,"yoffset":24,"xadvance":37,"chnl":15,"x":14,"y":859,"page":0},{"id":337,"index":275,"char":"ő","width":24,"height":37,"xoffset":0,"yoffset":15,"xadvance":24,"chnl":15,"x":35,"y":821,"page":0},{"id":347,"index":285,"char":"ś","width":19,"height":37,"xoffset":0,"yoffset":15,"xadvance":19,"chnl":15,"x":45,"y":772,"page":0},{"id":283,"index":221,"char":"ě","width":22,"height":37,"xoffset":0,"yoffset":15,"xadvance":22,"chnl":15,"x":53,"y":731,"page":0},{"id":216,"index":154,"char":"Ø","width":30,"height":37,"xoffset":0,"yoffset":16,"xadvance":31,"chnl":15,"x":14,"y":887,"page":0},{"id":112,"index":83,"char":"p","width":23,"height":37,"xoffset":1,"yoffset":24,"xadvance":24,"chnl":15,"x":30,"y":925,"page":0},{"id":113,"index":84,"char":"q","width":23,"height":37,"xoffset":0,"yoffset":24,"xadvance":24,"chnl":15,"x":45,"y":887,"page":0},{"id":198,"index":136,"char":"Æ","width":37,"height":34,"xoffset":-2,"yoffset":17,"xadvance":35,"chnl":15,"x":41,"y":963,"page":0},{"id":224,"index":162,"char":"à","width":21,"height":37,"xoffset":0,"yoffset":15,"xadvance":22,"chnl":15,"x":54,"y":925,"page":0},{"id":351,"index":289,"char":"ş","width":19,"height":37,"xoffset":0,"yoffset":24,"xadvance":19,"chnl":15,"x":60,"y":810,"page":0},{"id":369,"index":307,"char":"ű","width":22,"height":37,"xoffset":1,"yoffset":15,"xadvance":24,"chnl":15,"x":60,"y":848,"page":0},{"id":223,"index":161,"char":"ß","width":24,"height":37,"xoffset":1,"yoffset":15,"xadvance":25,"chnl":15,"x":69,"y":886,"page":0},{"id":225,"index":163,"char":"á","width":21,"height":37,"xoffset":0,"yoffset":15,"xadvance":22,"chnl":15,"x":76,"y":924,"page":0},{"id":226,"index":164,"char":"â","width":21,"height":37,"xoffset":0,"yoffset":15,"xadvance":22,"chnl":15,"x":65,"y":769,"page":0},{"id":181,"index":119,"char":"µ","width":22,"height":37,"xoffset":1,"yoffset":24,"xadvance":25,"chnl":15,"x":76,"y":731,"page":0},{"id":331,"index":269,"char":"ŋ","width":22,"height":37,"xoffset":1,"yoffset":24,"xadvance":25,"chnl":15,"x":80,"y":807,"page":0},{"id":103,"index":74,"char":"g","width":23,"height":37,"xoffset":0,"yoffset":24,"xadvance":24,"chnl":15,"x":87,"y":769,"page":0},{"id":269,"index":207,"char":"č","width":20,"height":37,"xoffset":0,"yoffset":15,"xadvance":19,"chnl":15,"x":83,"y":845,"page":0},{"id":231,"index":169,"char":"ç","width":20,"height":37,"xoffset":0,"yoffset":24,"xadvance":19,"chnl":15,"x":103,"y":807,"page":0},{"id":232,"index":170,"char":"è","width":22,"height":37,"xoffset":0,"yoffset":15,"xadvance":22,"chnl":15,"x":94,"y":883,"page":0},{"id":233,"index":171,"char":"é","width":22,"height":37,"xoffset":0,"yoffset":15,"xadvance":22,"chnl":15,"x":104,"y":845,"page":0},{"id":234,"index":172,"char":"ê","width":22,"height":37,"xoffset":0,"yoffset":15,"xadvance":22,"chnl":15,"x":81,"y":687,"page":0},{"id":349,"index":287,"char":"ŝ","width":19,"height":37,"xoffset":0,"yoffset":15,"xadvance":19,"chnl":15,"x":99,"y":725,"page":0},{"id":353,"index":291,"char":"š","width":19,"height":37,"xoffset":0,"yoffset":15,"xadvance":19,"chnl":15,"x":111,"y":763,"page":0},{"id":240,"index":178,"char":"ð","width":24,"height":37,"xoffset":0,"yoffset":15,"xadvance":24,"chnl":15,"x":124,"y":801,"page":0},{"id":251,"index":189,"char":"û","width":22,"height":37,"xoffset":1,"yoffset":15,"xadvance":24,"chnl":15,"x":84,"y":641,"page":0},{"id":242,"index":180,"char":"ò","width":24,"height":37,"xoffset":0,"yoffset":15,"xadvance":24,"chnl":15,"x":104,"y":679,"page":0},{"id":243,"index":181,"char":"ó","width":24,"height":37,"xoffset":0,"yoffset":15,"xadvance":24,"chnl":15,"x":119,"y":717,"page":0},{"id":244,"index":182,"char":"ô","width":24,"height":37,"xoffset":0,"yoffset":15,"xadvance":24,"chnl":15,"x":131,"y":755,"page":0},{"id":250,"index":188,"char":"ú","width":22,"height":37,"xoffset":1,"yoffset":15,"xadvance":24,"chnl":15,"x":79,"y":962,"page":0},{"id":249,"index":187,"char":"ù","width":22,"height":37,"xoffset":1,"yoffset":15,"xadvance":24,"chnl":15,"x":98,"y":921,"page":0},{"id":271,"index":209,"char":"ď","width":30,"height":36,"xoffset":0,"yoffset":15,"xadvance":26,"chnl":15,"x":117,"y":883,"page":0},{"id":100,"index":71,"char":"d","width":23,"height":36,"xoffset":0,"yoffset":15,"xadvance":24,"chnl":15,"x":127,"y":839,"page":0},{"id":261,"index":199,"char":"ą","width":23,"height":36,"xoffset":0,"yoffset":24,"xadvance":22,"chnl":15,"x":149,"y":793,"page":0},{"id":382,"index":320,"char":"ž","width":20,"height":36,"xoffset":0,"yoffset":15,"xadvance":19,"chnl":15,"x":102,"y":959,"page":0},{"id":102,"index":73,"char":"f","width":19,"height":36,"xoffset":-1,"yoffset":15,"xadvance":14,"chnl":15,"x":121,"y":920,"page":0},{"id":343,"index":281,"char":"ŗ","width":18,"height":36,"xoffset":0,"yoffset":24,"xadvance":16,"chnl":15,"x":123,"y":957,"page":0},{"id":295,"index":233,"char":"ħ","width":25,"height":36,"xoffset":-2,"yoffset":15,"xadvance":25,"chnl":15,"x":141,"y":920,"page":0},{"id":104,"index":75,"char":"h","width":22,"height":36,"xoffset":1,"yoffset":15,"xadvance":25,"chnl":15,"x":148,"y":876,"page":0},{"id":371,"index":309,"char":"ų","width":23,"height":36,"xoffset":1,"yoffset":24,"xadvance":24,"chnl":15,"x":151,"y":830,"page":0},{"id":341,"index":279,"char":"ŕ","width":17,"height":36,"xoffset":1,"yoffset":15,"xadvance":16,"chnl":15,"x":142,"y":957,"page":0},{"id":107,"index":78,"char":"k","width":22,"height":36,"xoffset":1,"yoffset":15,"xadvance":21,"chnl":15,"x":160,"y":957,"page":0},{"id":259,"index":197,"char":"ă","width":21,"height":36,"xoffset":0,"yoffset":16,"xadvance":22,"chnl":15,"x":167,"y":913,"page":0},{"id":108,"index":79,"char":"l","width":8,"height":36,"xoffset":1,"yoffset":15,"xadvance":10,"chnl":15,"x":171,"y":867,"page":0},{"id":328,"index":266,"char":"ň","width":22,"height":36,"xoffset":1,"yoffset":15,"xadvance":25,"chnl":15,"x":183,"y":950,"page":0},{"id":167,"index":105,"char":"§","width":19,"height":36,"xoffset":0,"yoffset":15,"xadvance":20,"chnl":15,"x":183,"y":987,"page":0},{"id":378,"index":316,"char":"ź","width":20,"height":36,"xoffset":0,"yoffset":15,"xadvance":19,"chnl":15,"x":203,"y":987,"page":0},{"id":357,"index":295,"char":"ť","width":22,"height":36,"xoffset":-1,"yoffset":15,"xadvance":14,"chnl":15,"x":105,"y":547,"page":0},{"id":326,"index":264,"char":"ņ","width":22,"height":36,"xoffset":1,"yoffset":24,"xadvance":25,"chnl":15,"x":120,"y":492,"page":0},{"id":338,"index":276,"char":"Œ","width":36,"height":35,"xoffset":0,"yoffset":17,"xadvance":37,"chnl":15,"x":132,"y":448,"page":0},{"id":365,"index":303,"char":"ŭ","width":22,"height":36,"xoffset":1,"yoffset":16,"xadvance":24,"chnl":15,"x":138,"y":410,"page":0},{"id":324,"index":262,"char":"ń","width":22,"height":36,"xoffset":1,"yoffset":15,"xadvance":25,"chnl":15,"x":139,"y":356,"page":0},{"id":345,"index":283,"char":"ř","width":18,"height":36,"xoffset":1,"yoffset":15,"xadvance":16,"chnl":15,"x":161,"y":393,"page":0},{"id":281,"index":219,"char":"ę","width":22,"height":36,"xoffset":0,"yoffset":24,"xadvance":22,"chnl":15,"x":162,"y":356,"page":0},{"id":236,"index":174,"char":"ì","width":12,"height":36,"xoffset":-3,"yoffset":15,"xadvance":10,"chnl":15,"x":169,"y":310,"page":0},{"id":237,"index":175,"char":"í","width":12,"height":36,"xoffset":1,"yoffset":15,"xadvance":10,"chnl":15,"x":182,"y":310,"page":0},{"id":238,"index":176,"char":"î","width":18,"height":36,"xoffset":-4,"yoffset":15,"xadvance":10,"chnl":15,"x":184,"y":265,"page":0},{"id":335,"index":273,"char":"ŏ","width":24,"height":36,"xoffset":0,"yoffset":16,"xadvance":24,"chnl":15,"x":105,"y":584,"page":0},{"id":322,"index":260,"char":"ł","width":15,"height":36,"xoffset":-2,"yoffset":15,"xadvance":10,"chnl":15,"x":128,"y":529,"page":0},{"id":277,"index":215,"char":"ĕ","width":22,"height":36,"xoffset":0,"yoffset":16,"xadvance":22,"chnl":15,"x":143,"y":484,"page":0},{"id":320,"index":258,"char":"ŀ","width":14,"height":36,"xoffset":1,"yoffset":15,"xadvance":11,"chnl":15,"x":107,"y":621,"page":0},{"id":318,"index":256,"char":"ľ","width":14,"height":36,"xoffset":1,"yoffset":15,"xadvance":11,"chnl":15,"x":122,"y":621,"page":0},{"id":98,"index":69,"char":"b","width":23,"height":36,"xoffset":1,"yoffset":15,"xadvance":24,"chnl":15,"x":130,"y":566,"page":0},{"id":373,"index":311,"char":"ŵ","width":34,"height":36,"xoffset":-2,"yoffset":15,"xadvance":31,"chnl":15,"x":144,"y":521,"page":0},{"id":273,"index":211,"char":"đ","width":26,"height":36,"xoffset":0,"yoffset":15,"xadvance":24,"chnl":15,"x":166,"y":484,"page":0},{"id":279,"index":217,"char":"ė","width":22,"height":35,"xoffset":0,"yoffset":16,"xadvance":22,"chnl":15,"x":169,"y":430,"page":0},{"id":161,"index":99,"char":"¡","width":9,"height":35,"xoffset":1,"yoffset":24,"xadvance":11,"chnl":15,"x":180,"y":393,"page":0},{"id":241,"index":179,"char":"ñ","width":22,"height":35,"xoffset":1,"yoffset":16,"xadvance":25,"chnl":15,"x":185,"y":347,"page":0},{"id":252,"index":190,"char":"ü","width":22,"height":35,"xoffset":1,"yoffset":16,"xadvance":24,"chnl":15,"x":195,"y":302,"page":0},{"id":239,"index":177,"char":"ï","width":15,"height":35,"xoffset":-2,"yoffset":16,"xadvance":10,"chnl":15,"x":203,"y":265,"page":0},{"id":235,"index":173,"char":"ë","width":22,"height":35,"xoffset":0,"yoffset":16,"xadvance":22,"chnl":15,"x":205,"y":219,"page":0},{"id":228,"index":166,"char":"ä","width":21,"height":35,"xoffset":0,"yoffset":16,"xadvance":22,"chnl":15,"x":190,"y":383,"page":0},{"id":227,"index":165,"char":"ã","width":21,"height":35,"xoffset":0,"yoffset":16,"xadvance":22,"chnl":15,"x":208,"y":338,"page":0},{"id":51,"index":22,"char":3,"width":23,"height":35,"xoffset":0,"yoffset":17,"xadvance":23,"chnl":15,"x":218,"y":301,"page":0},{"id":191,"index":129,"char":"¿","width":20,"height":35,"xoffset":0,"yoffset":24,"xadvance":18,"chnl":15,"x":219,"y":255,"page":0},{"id":267,"index":205,"char":"ċ","width":20,"height":35,"xoffset":0,"yoffset":16,"xadvance":19,"chnl":15,"x":129,"y":658,"page":0},{"id":380,"index":318,"char":"ż","width":20,"height":35,"xoffset":0,"yoffset":16,"xadvance":19,"chnl":15,"x":137,"y":603,"page":0},{"id":54,"index":25,"char":6,"width":23,"height":35,"xoffset":0,"yoffset":17,"xadvance":23,"chnl":15,"x":154,"y":558,"page":0},{"id":56,"index":27,"char":8,"width":23,"height":35,"xoffset":0,"yoffset":17,"xadvance":23,"chnl":15,"x":144,"y":694,"page":0},{"id":57,"index":28,"char":9,"width":23,"height":35,"xoffset":0,"yoffset":17,"xadvance":23,"chnl":15,"x":150,"y":639,"page":0},{"id":48,"index":19,"char":0,"width":23,"height":35,"xoffset":0,"yoffset":17,"xadvance":23,"chnl":15,"x":158,"y":594,"page":0},{"id":63,"index":34,"char":"?","width":20,"height":35,"xoffset":-2,"yoffset":17,"xadvance":17,"chnl":15,"x":178,"y":558,"page":0},{"id":245,"index":183,"char":"õ","width":24,"height":35,"xoffset":0,"yoffset":16,"xadvance":24,"chnl":15,"x":179,"y":521,"page":0},{"id":174,"index":112,"char":"®","width":33,"height":35,"xoffset":0,"yoffset":17,"xadvance":33,"chnl":15,"x":192,"y":419,"page":0},{"id":67,"index":38,"char":"C","width":25,"height":35,"xoffset":0,"yoffset":17,"xadvance":25,"chnl":15,"x":212,"y":374,"page":0},{"id":169,"index":107,"char":"©","width":33,"height":35,"xoffset":0,"yoffset":17,"xadvance":33,"chnl":15,"x":230,"y":337,"page":0},{"id":33,"index":4,"char":"!","width":9,"height":35,"xoffset":1,"yoffset":17,"xadvance":11,"chnl":15,"x":156,"y":730,"page":0},{"id":162,"index":100,"char":"¢","width":20,"height":35,"xoffset":2,"yoffset":17,"xadvance":23,"chnl":15,"x":166,"y":730,"page":0},{"id":246,"index":184,"char":"ö","width":24,"height":35,"xoffset":0,"yoffset":16,"xadvance":24,"chnl":15,"x":168,"y":675,"page":0},{"id":71,"index":42,"char":"G","width":27,"height":35,"xoffset":0,"yoffset":17,"xadvance":29,"chnl":15,"x":174,"y":630,"page":0},{"id":37,"index":8,"char":"%","width":33,"height":35,"xoffset":0,"yoffset":17,"xadvance":33,"chnl":15,"x":182,"y":594,"page":0},{"id":297,"index":235,"char":"ĩ","width":19,"height":35,"xoffset":-4,"yoffset":16,"xadvance":10,"chnl":15,"x":199,"y":557,"page":0},{"id":301,"index":239,"char":"ĭ","width":17,"height":35,"xoffset":-3,"yoffset":16,"xadvance":10,"chnl":15,"x":173,"y":766,"page":0},{"id":109,"index":80,"char":"m","width":35,"height":27,"xoffset":1,"yoffset":24,"xadvance":37,"chnl":15,"x":123,"y":994,"page":0},{"id":105,"index":76,"char":"i","width":8,"height":35,"xoffset":1,"yoffset":16,"xadvance":10,"chnl":15,"x":187,"y":711,"page":0},{"id":361,"index":299,"char":"ũ","width":22,"height":35,"xoffset":1,"yoffset":16,"xadvance":24,"chnl":15,"x":193,"y":666,"page":0},{"id":38,"index":9,"char":"&","width":31,"height":35,"xoffset":0,"yoffset":17,"xadvance":29,"chnl":15,"x":202,"y":630,"page":0},{"id":83,"index":54,"char":"S","width":22,"height":35,"xoffset":0,"yoffset":17,"xadvance":22,"chnl":15,"x":216,"y":593,"page":0},{"id":79,"index":50,"char":"O","width":30,"height":35,"xoffset":0,"yoffset":17,"xadvance":31,"chnl":15,"x":193,"y":455,"page":0},{"id":188,"index":126,"char":"¼","width":32,"height":34,"xoffset":-1,"yoffset":17,"xadvance":30,"chnl":15,"x":204,"y":491,"page":0},{"id":230,"index":168,"char":"æ","width":34,"height":27,"xoffset":0,"yoffset":24,"xadvance":34,"chnl":15,"x":173,"y":802,"page":0},{"id":68,"index":39,"char":"D","width":27,"height":34,"xoffset":2,"yoffset":17,"xadvance":29,"chnl":15,"x":224,"y":455,"page":0},{"id":69,"index":40,"char":"E","width":20,"height":34,"xoffset":2,"yoffset":17,"xadvance":22,"chnl":15,"x":175,"y":830,"page":0},{"id":70,"index":41,"char":"F","width":20,"height":34,"xoffset":2,"yoffset":17,"xadvance":21,"chnl":15,"x":226,"y":410,"page":0},{"id":50,"index":21,"char":2,"width":23,"height":34,"xoffset":0,"yoffset":17,"xadvance":23,"chnl":15,"x":238,"y":373,"page":0},{"id":52,"index":23,"char":4,"width":25,"height":34,"xoffset":-1,"yoffset":17,"xadvance":23,"chnl":15,"x":247,"y":408,"page":0},{"id":165,"index":103,"char":"¥","width":25,"height":34,"xoffset":-1,"yoffset":17,"xadvance":23,"chnl":15,"x":262,"y":373,"page":0},{"id":35,"index":6,"char":"#","width":28,"height":34,"xoffset":-1,"yoffset":17,"xadvance":25,"chnl":15,"x":180,"y":865,"page":0},{"id":163,"index":101,"char":"£","width":24,"height":34,"xoffset":-1,"yoffset":17,"xadvance":23,"chnl":15,"x":196,"y":830,"page":0},{"id":53,"index":24,"char":5,"width":22,"height":34,"xoffset":1,"yoffset":17,"xadvance":23,"chnl":15,"x":189,"y":900,"page":0},{"id":222,"index":160,"char":"Þ","width":22,"height":34,"xoffset":2,"yoffset":17,"xadvance":24,"chnl":15,"x":209,"y":865,"page":0},{"id":294,"index":232,"char":"Ħ","width":33,"height":34,"xoffset":-2,"yoffset":17,"xadvance":29,"chnl":15,"x":206,"y":935,"page":0},{"id":272,"index":210,"char":"Đ","width":29,"height":34,"xoffset":-1,"yoffset":17,"xadvance":29,"chnl":15,"x":212,"y":900,"page":0},{"id":55,"index":26,"char":7,"width":23,"height":34,"xoffset":0,"yoffset":17,"xadvance":23,"chnl":15,"x":224,"y":970,"page":0},{"id":49,"index":20,"char":1,"width":15,"height":34,"xoffset":2,"yoffset":17,"xadvance":23,"chnl":15,"x":240,"y":935,"page":0},{"id":72,"index":43,"char":"H","width":26,"height":34,"xoffset":2,"yoffset":17,"xadvance":29,"chnl":15,"x":248,"y":970,"page":0},{"id":358,"index":296,"char":"Ŧ","width":25,"height":34,"xoffset":-2,"yoffset":17,"xadvance":22,"chnl":15,"x":191,"y":747,"page":0},{"id":119,"index":90,"char":"w","width":34,"height":27,"xoffset":-2,"yoffset":24,"xadvance":31,"chnl":15,"x":204,"y":526,"page":0},{"id":306,"index":244,"char":"Ĳ","width":29,"height":34,"xoffset":0,"yoffset":17,"xadvance":30,"chnl":15,"x":237,"y":490,"page":0},{"id":73,"index":44,"char":"I","width":14,"height":34,"xoffset":0,"yoffset":17,"xadvance":14,"chnl":15,"x":219,"y":554,"page":0},{"id":208,"index":146,"char":"Ð","width":29,"height":34,"xoffset":-1,"yoffset":17,"xadvance":29,"chnl":15,"x":234,"y":554,"page":0},{"id":47,"index":18,"char":"/","width":18,"height":34,"xoffset":-2,"yoffset":17,"xadvance":15,"chnl":15,"x":252,"y":443,"page":0},{"id":74,"index":45,"char":"J","width":16,"height":34,"xoffset":-1,"yoffset":17,"xadvance":16,"chnl":15,"x":196,"y":702,"page":0},{"id":317,"index":255,"char":"Ľ","width":20,"height":34,"xoffset":2,"yoffset":17,"xadvance":22,"chnl":15,"x":213,"y":702,"page":0},{"id":319,"index":257,"char":"Ŀ","width":20,"height":34,"xoffset":2,"yoffset":17,"xadvance":21,"chnl":15,"x":216,"y":666,"page":0},{"id":190,"index":128,"char":"¾","width":34,"height":34,"xoffset":-1,"yoffset":17,"xadvance":31,"chnl":15,"x":234,"y":629,"page":0},{"id":321,"index":259,"char":"Ł","width":23,"height":34,"xoffset":-2,"yoffset":17,"xadvance":21,"chnl":15,"x":239,"y":589,"page":0},{"id":189,"index":127,"char":"½","width":32,"height":34,"xoffset":-1,"yoffset":17,"xadvance":31,"chnl":15,"x":263,"y":589,"page":0},{"id":75,"index":46,"char":"K","width":25,"height":34,"xoffset":2,"yoffset":17,"xadvance":25,"chnl":15,"x":208,"y":782,"page":0},{"id":92,"index":63,"char":"\\","width":18,"height":34,"xoffset":-2,"yoffset":17,"xadvance":15,"chnl":15,"x":217,"y":737,"page":0},{"id":90,"index":61,"char":"Z","width":24,"height":34,"xoffset":-1,"yoffset":17,"xadvance":23,"chnl":15,"x":234,"y":701,"page":0},{"id":89,"index":60,"char":"Y","width":27,"height":34,"xoffset":-2,"yoffset":17,"xadvance":23,"chnl":15,"x":237,"y":664,"page":0},{"id":88,"index":59,"char":"X","width":27,"height":34,"xoffset":-2,"yoffset":17,"xadvance":23,"chnl":15,"x":221,"y":817,"page":0},{"id":86,"index":57,"char":"V","width":28,"height":34,"xoffset":-2,"yoffset":17,"xadvance":24,"chnl":15,"x":234,"y":772,"page":0},{"id":329,"index":267,"char":"ŉ","width":30,"height":34,"xoffset":-2,"yoffset":17,"xadvance":29,"chnl":15,"x":236,"y":736,"page":0},{"id":85,"index":56,"char":"U","width":26,"height":34,"xoffset":2,"yoffset":17,"xadvance":29,"chnl":15,"x":259,"y":699,"page":0},{"id":84,"index":55,"char":"T","width":25,"height":34,"xoffset":-2,"yoffset":17,"xadvance":22,"chnl":15,"x":265,"y":664,"page":0},{"id":65,"index":36,"char":"A","width":29,"height":34,"xoffset":-2,"yoffset":17,"xadvance":25,"chnl":15,"x":269,"y":624,"page":0},{"id":76,"index":47,"char":"L","width":20,"height":34,"xoffset":2,"yoffset":17,"xadvance":21,"chnl":15,"x":232,"y":852,"page":0},{"id":82,"index":53,"char":"R","width":24,"height":34,"xoffset":2,"yoffset":17,"xadvance":25,"chnl":15,"x":249,"y":807,"page":0},{"id":80,"index":51,"char":"P","width":22,"height":34,"xoffset":2,"yoffset":17,"xadvance":24,"chnl":15,"x":263,"y":771,"page":0},{"id":66,"index":37,"char":"B","width":24,"height":34,"xoffset":2,"yoffset":17,"xadvance":26,"chnl":15,"x":267,"y":734,"page":0},{"id":78,"index":49,"char":"N","width":27,"height":34,"xoffset":2,"yoffset":17,"xadvance":30,"chnl":15,"x":286,"y":699,"page":0},{"id":77,"index":48,"char":"M","width":32,"height":34,"xoffset":2,"yoffset":17,"xadvance":36,"chnl":15,"x":291,"y":659,"page":0},{"id":363,"index":301,"char":"ū","width":22,"height":33,"xoffset":1,"yoffset":19,"xadvance":24,"chnl":15,"x":242,"y":887,"page":0},{"id":333,"index":271,"char":"ō","width":24,"height":33,"xoffset":0,"yoffset":19,"xadvance":24,"chnl":15,"x":253,"y":842,"page":0},{"id":257,"index":195,"char":"ā","width":21,"height":33,"xoffset":0,"yoffset":19,"xadvance":22,"chnl":15,"x":274,"y":806,"page":0},{"id":275,"index":213,"char":"ē","width":22,"height":33,"xoffset":0,"yoffset":19,"xadvance":22,"chnl":15,"x":286,"y":769,"page":0},{"id":59,"index":30,"char":";","width":11,"height":33,"xoffset":-1,"yoffset":24,"xadvance":11,"chnl":15,"x":292,"y":734,"page":0},{"id":299,"index":237,"char":"ī","width":16,"height":32,"xoffset":-3,"yoffset":19,"xadvance":10,"chnl":15,"x":304,"y":734,"page":0},{"id":359,"index":297,"char":"ŧ","width":17,"height":32,"xoffset":-1,"yoffset":19,"xadvance":15,"chnl":15,"x":314,"y":694,"page":0},{"id":116,"index":87,"char":"t","width":17,"height":32,"xoffset":-1,"yoffset":19,"xadvance":14,"chnl":15,"x":256,"y":921,"page":0},{"id":177,"index":115,"char":"±","width":23,"height":29,"xoffset":0,"yoffset":22,"xadvance":23,"chnl":15,"x":159,"y":994,"page":0},{"id":248,"index":186,"char":"ø","width":24,"height":29,"xoffset":0,"yoffset":23,"xadvance":24,"chnl":15,"x":265,"y":876,"page":0},{"id":58,"index":29,"char":":","width":9,"height":28,"xoffset":1,"yoffset":24,"xadvance":11,"chnl":15,"x":193,"y":491,"page":0},{"id":110,"index":81,"char":"n","width":22,"height":27,"xoffset":1,"yoffset":24,"xadvance":25,"chnl":15,"x":239,"y":525,"page":0},{"id":312,"index":250,"char":"ĸ","width":22,"height":27,"xoffset":1,"yoffset":24,"xadvance":21,"chnl":15,"x":262,"y":525,"page":0},{"id":101,"index":72,"char":"e","width":22,"height":27,"xoffset":0,"yoffset":24,"xadvance":22,"chnl":15,"x":278,"y":840,"page":0},{"id":118,"index":89,"char":"v","width":24,"height":27,"xoffset":-2,"yoffset":24,"xadvance":20,"chnl":15,"x":296,"y":803,"page":0},{"id":117,"index":88,"char":"u","width":22,"height":27,"xoffset":1,"yoffset":24,"xadvance":24,"chnl":15,"x":309,"y":767,"page":0},{"id":99,"index":70,"char":"c","width":20,"height":27,"xoffset":0,"yoffset":24,"xadvance":19,"chnl":15,"x":102,"y":996,"page":0},{"id":305,"index":243,"char":"ı","width":8,"height":27,"xoffset":1,"yoffset":24,"xadvance":10,"chnl":15,"x":264,"y":553,"page":0},{"id":97,"index":68,"char":"a","width":21,"height":27,"xoffset":0,"yoffset":24,"xadvance":22,"chnl":15,"x":273,"y":553,"page":0},{"id":120,"index":91,"char":"x","width":24,"height":27,"xoffset":-1,"yoffset":24,"xadvance":21,"chnl":15,"x":321,"y":727,"page":0},{"id":122,"index":93,"char":"z","width":20,"height":27,"xoffset":0,"yoffset":24,"xadvance":19,"chnl":15,"x":267,"y":478,"page":0},{"id":115,"index":86,"char":"s","width":19,"height":27,"xoffset":0,"yoffset":24,"xadvance":19,"chnl":15,"x":271,"y":443,"page":0},{"id":114,"index":85,"char":"r","width":16,"height":27,"xoffset":1,"yoffset":24,"xadvance":16,"chnl":15,"x":273,"y":408,"page":0},{"id":111,"index":82,"char":"o","width":24,"height":27,"xoffset":0,"yoffset":24,"xadvance":24,"chnl":15,"x":285,"y":506,"page":0},{"id":60,"index":31,"char":"<","width":23,"height":25,"xoffset":0,"yoffset":21,"xadvance":23,"chnl":15,"x":41,"y":998,"page":0},{"id":62,"index":33,"char":">","width":23,"height":25,"xoffset":0,"yoffset":21,"xadvance":23,"chnl":15,"x":288,"y":471,"page":0},{"id":175,"index":113,"char":"¯","width":24,"height":7,"xoffset":-2,"yoffset":12,"xadvance":20,"chnl":15,"x":226,"y":445,"page":0},{"id":43,"index":14,"char":"+","width":23,"height":24,"xoffset":0,"yoffset":22,"xadvance":23,"chnl":15,"x":65,"y":1000,"page":0},{"id":94,"index":65,"char":"^","width":24,"height":23,"xoffset":-1,"yoffset":17,"xadvance":23,"chnl":15,"x":295,"y":534,"page":0},{"id":215,"index":153,"char":"×","width":21,"height":23,"xoffset":1,"yoffset":23,"xadvance":23,"chnl":15,"x":295,"y":558,"page":0},{"id":42,"index":13,"char":"*","width":22,"height":23,"xoffset":0,"yoffset":15,"xadvance":22,"chnl":15,"x":310,"y":497,"page":0},{"id":172,"index":110,"char":"¬","width":23,"height":15,"xoffset":0,"yoffset":31,"xadvance":23,"chnl":15,"x":169,"y":466,"page":0},{"id":179,"index":117,"char":"³","width":16,"height":23,"xoffset":-1,"yoffset":11,"xadvance":14,"chnl":15,"x":156,"y":766,"page":0},{"id":247,"index":185,"char":"÷","width":23,"height":23,"xoffset":0,"yoffset":23,"xadvance":23,"chnl":15,"x":296,"y":582,"page":0},{"id":164,"index":102,"char":"¤","width":22,"height":23,"xoffset":0,"yoffset":23,"xadvance":23,"chnl":15,"x":317,"y":558,"page":0},{"id":126,"index":97,"char":"~","width":23,"height":10,"xoffset":0,"yoffset":29,"xadvance":23,"chnl":15,"x":88,"y":493,"page":0},{"id":95,"index":66,"char":"_","width":22,"height":7,"xoffset":-2,"yoffset":51,"xadvance":17,"chnl":15,"x":264,"y":581,"page":0},{"id":61,"index":32,"char":"=","width":22,"height":15,"xoffset":0,"yoffset":27,"xadvance":23,"chnl":15,"x":256,"y":954,"page":0},{"id":185,"index":123,"char":"¹","width":12,"height":22,"xoffset":-1,"yoffset":12,"xadvance":14,"chnl":15,"x":89,"y":1000,"page":0},{"id":178,"index":116,"char":"²","width":15,"height":22,"xoffset":-1,"yoffset":11,"xadvance":14,"chnl":15,"x":320,"y":521,"page":0},{"id":171,"index":109,"char":"«","width":21,"height":21,"xoffset":0,"yoffset":27,"xadvance":20,"chnl":15,"x":274,"y":906,"page":0},{"id":187,"index":125,"char":"»","width":21,"height":21,"xoffset":0,"yoffset":27,"xadvance":20,"chnl":15,"x":274,"y":928,"page":0},{"id":170,"index":108,"char":"ª","width":15,"height":18,"xoffset":-1,"yoffset":17,"xadvance":14,"chnl":15,"x":191,"y":782,"page":0},{"id":186,"index":124,"char":"º","width":16,"height":18,"xoffset":-1,"yoffset":17,"xadvance":15,"chnl":15,"x":150,"y":675,"page":0},{"id":176,"index":114,"char":"°","width":16,"height":17,"xoffset":0,"yoffset":17,"xadvance":17,"chnl":15,"x":267,"y":506,"page":0},{"id":168,"index":106,"char":"¨","width":15,"height":8,"xoffset":4,"yoffset":16,"xadvance":23,"chnl":15,"x":169,"y":347,"page":0},{"id":39,"index":10,"char":"'","width":8,"height":15,"xoffset":1,"yoffset":17,"xadvance":9,"chnl":15,"x":285,"y":534,"page":0},{"id":34,"index":5,"char":"\"","width":15,"height":15,"xoffset":1,"yoffset":17,"xadvance":16,"chnl":15,"x":206,"y":970,"page":0},{"id":45,"index":16,"char":"-","width":14,"height":7,"xoffset":0,"yoffset":34,"xadvance":13,"chnl":15,"x":104,"y":717,"page":0},{"id":184,"index":122,"char":"¸","width":12,"height":14,"xoffset":-2,"yoffset":47,"xadvance":9,"chnl":15,"x":137,"y":639,"page":0},{"id":44,"index":15,"char":",","width":10,"height":14,"xoffset":0,"yoffset":42,"xadvance":11,"chnl":15,"x":189,"y":935,"page":0},{"id":173,"index":111,"char":"­","width":14,"height":7,"xoffset":0,"yoffset":34,"xadvance":14,"chnl":15,"x":131,"y":793,"page":0},{"id":180,"index":118,"char":"´","width":12,"height":11,"xoffset":0,"yoffset":15,"xadvance":12,"chnl":15,"x":208,"y":817,"page":0},{"id":96,"index":67,"char":"`","width":12,"height":11,"xoffset":0,"yoffset":15,"xadvance":12,"chnl":15,"x":252,"y":478,"page":0},{"id":183,"index":121,"char":"·","width":9,"height":10,"xoffset":1,"yoffset":29,"xadvance":11,"chnl":15,"x":232,"y":887,"page":0},{"id":46,"index":17,"char":".","width":9,"height":10,"xoffset":1,"yoffset":42,"xadvance":11,"chnl":15,"x":310,"y":521,"page":0},{"id":32,"index":3,"char":" ","width":0,"height":0,"xoffset":-2,"yoffset":47,"xadvance":10,"chnl":15,"x":80,"y":322,"page":0}],"info":{"face":"AvrileSans-Regular","size":42,"bold":0,"italic":0,"charset":[1,2,3,4,5,6,7,8,9,0,"A","B","C","D","E","F","!","\"","#","$","%","&","'","(",")","*","+",",","-",".","/",":",";","<","=",">","?","@","G","H","I","J","K","L","M","N","O","P","Q","R","S","T","U","V","W","X","Y","Z","[","\\","]","^","_","`","a","b","c","d","e","f","g","h","i","j","k","l","m","n","o","p","q","r","s","t","u","v","w","x","y","z","{","|","}","~"," ","¡","¢","£","¤","¥","¦","§","¨","©","ª","«","¬","­","®","¯","°","±","²","³","´","µ","¶","·","¸","¹","º","»","¼","½","¾","¿","À","Á","Â","Ã","Ä","Å","Æ","Ç","È","É","Ê","Ë","Ì","Í","Î","Ï","Ð","Ñ","Ò","Ó","Ô","Õ","Ö","×","Ø","Ù","Ú","Û","Ü","Ý","Þ","ß","à","á","â","ã","ä","å","æ","ç","è","é","ê","ë","ì","í","î","ï","ð","ñ","ò","ó","ô","õ","ö","÷","ø","ù","ú","û","ü","ý","þ","ÿ","Ā","ā","Ă","ă","Ą","ą","Ć","ć","Ĉ","ĉ","Ċ","ċ","Č","č","Ď","ď","Đ","đ","Ē","ē","Ĕ","ĕ","Ė","ė","Ę","ę","Ě","ě","Ĝ","ĝ","Ğ","ğ","Ġ","ġ","Ģ","ģ","Ĥ","ĥ","Ħ","ħ","Ĩ","ĩ","Ī","ī","Ĭ","ĭ","Į","į","İ","ı","Ĳ","ĳ","Ĵ","ĵ","Ķ","ķ","ĸ","Ĺ","ĺ","Ļ","ļ","Ľ","ľ","Ŀ","ŀ","Ł","ł","Ń","ń","Ņ","ņ","Ň","ň","ŉ","Ŋ","ŋ","Ō","ō","Ŏ","ŏ","Ő","ő","Œ","œ","Ŕ","ŕ","Ŗ","ŗ","Ř","ř","Ś","ś","Ŝ","ŝ","Ş","ş","Š","š","Ţ","ţ","Ť","ť","Ŧ","ŧ","Ũ","ũ","Ū","ū","Ŭ","ŭ","Ů","ů","Ű","ű","Ų","ų","Ŵ","ŵ","Ŷ","ŷ","Ÿ","Ź","ź","Ż","ż","Ž","ž"],"unicode":1,"stretchH":100,"smooth":1,"aa":1,"padding":[0,0,0,0],"spacing":[0,0]},"common":{"lineHeight":57,"base":47,"scaleW":1024,"scaleH":1024,"pages":1,"packed":0,"alphaChnl":0,"redChnl":0,"greenChnl":0,"blueChnl":0},"distanceField":{"fieldType":"msdf","distanceRange":4},"kernings":[{"first":65,"second":74,"amount":2},{"first":66,"second":44,"amount":0},{"first":66,"second":46,"amount":0},{"first":68,"second":88,"amount":-1},{"first":69,"second":74,"amount":3},{"first":70,"second":65,"amount":-1},{"first":70,"second":41,"amount":1},{"first":70,"second":44,"amount":-3},{"first":70,"second":46,"amount":-3},{"first":70,"second":63,"amount":1},{"first":70,"second":93,"amount":1},{"first":70,"second":125,"amount":1},{"first":70,"second":192,"amount":-1},{"first":70,"second":193,"amount":-1},{"first":70,"second":194,"amount":-1},{"first":70,"second":195,"amount":-1},{"first":70,"second":196,"amount":-1},{"first":70,"second":197,"amount":-1},{"first":70,"second":256,"amount":-1},{"first":70,"second":258,"amount":-1},{"first":70,"second":260,"amount":-1},{"first":38,"second":84,"amount":-3},{"first":38,"second":86,"amount":-1},{"first":38,"second":87,"amount":-1},{"first":38,"second":89,"amount":-1},{"first":38,"second":221,"amount":-1},{"first":38,"second":354,"amount":-3},{"first":38,"second":356,"amount":-3},{"first":38,"second":358,"amount":-3},{"first":38,"second":372,"amount":-1},{"first":38,"second":374,"amount":-1},{"first":38,"second":376,"amount":-1},{"first":40,"second":74,"amount":4},{"first":40,"second":106,"amount":2},{"first":79,"second":88,"amount":-1},{"first":80,"second":38,"amount":0},{"first":80,"second":88,"amount":-1},{"first":81,"second":88,"amount":-1},{"first":82,"second":171,"amount":0},{"first":84,"second":38,"amount":-1},{"first":84,"second":63,"amount":1},{"first":86,"second":63,"amount":1},{"first":87,"second":63,"amount":1},{"first":89,"second":38,"amount":-1},{"first":89,"second":63,"amount":1},{"first":91,"second":74,"amount":4},{"first":91,"second":106,"amount":2},{"first":99,"second":34,"amount":1},{"first":99,"second":39,"amount":1},{"first":118,"second":63,"amount":1},{"first":119,"second":63,"amount":1},{"first":121,"second":63,"amount":1},{"first":123,"second":74,"amount":4},{"first":123,"second":106,"amount":2},{"first":161,"second":74,"amount":2},{"first":161,"second":84,"amount":-1},{"first":161,"second":86,"amount":0},{"first":161,"second":87,"amount":0},{"first":161,"second":89,"amount":-1},{"first":161,"second":221,"amount":-1},{"first":161,"second":354,"amount":-1},{"first":161,"second":356,"amount":-1},{"first":161,"second":358,"amount":-1},{"first":161,"second":372,"amount":0},{"first":161,"second":374,"amount":-1},{"first":161,"second":376,"amount":-1},{"first":187,"second":88,"amount":-1},{"first":191,"second":74,"amount":4},{"first":191,"second":84,"amount":-2},{"first":191,"second":86,"amount":-1},{"first":191,"second":87,"amount":-1},{"first":191,"second":89,"amount":-2},{"first":191,"second":221,"amount":-2},{"first":191,"second":354,"amount":-2},{"first":191,"second":356,"amount":-2},{"first":191,"second":358,"amount":-2},{"first":191,"second":372,"amount":-1},{"first":191,"second":374,"amount":-2},{"first":191,"second":376,"amount":-2},{"first":192,"second":74,"amount":2},{"first":193,"second":74,"amount":2},{"first":194,"second":74,"amount":2},{"first":195,"second":74,"amount":2},{"first":196,"second":74,"amount":2},{"first":197,"second":74,"amount":2},{"first":198,"second":74,"amount":3},{"first":200,"second":74,"amount":3},{"first":201,"second":74,"amount":3},{"first":202,"second":74,"amount":3},{"first":203,"second":74,"amount":3},{"first":208,"second":88,"amount":-1},{"first":210,"second":88,"amount":-1},{"first":211,"second":88,"amount":-1},{"first":212,"second":88,"amount":-1},{"first":213,"second":88,"amount":-1},{"first":214,"second":88,"amount":-1},{"first":216,"second":88,"amount":-1},{"first":221,"second":38,"amount":-1},{"first":221,"second":63,"amount":1},{"first":222,"second":38,"amount":0},{"first":222,"second":88,"amount":-1},{"first":253,"second":63,"amount":1},{"first":255,"second":63,"amount":1},{"first":256,"second":74,"amount":2},{"first":258,"second":74,"amount":2},{"first":260,"second":74,"amount":5},{"first":270,"second":88,"amount":-1},{"first":271,"second":63,"amount":3},{"first":271,"second":295,"amount":3},{"first":272,"second":88,"amount":-1},{"first":274,"second":74,"amount":3},{"first":276,"second":74,"amount":3},{"first":278,"second":74,"amount":3},{"first":280,"second":74,"amount":3},{"first":282,"second":74,"amount":3},{"first":302,"second":74,"amount":2},{"first":318,"second":63,"amount":3},{"first":318,"second":295,"amount":3},{"first":332,"second":88,"amount":-1},{"first":334,"second":88,"amount":-1},{"first":336,"second":88,"amount":-1},{"first":338,"second":74,"amount":3},{"first":354,"second":38,"amount":-1},{"first":354,"second":63,"amount":1},{"first":356,"second":38,"amount":-1},{"first":356,"second":63,"amount":1},{"first":358,"second":38,"amount":-1},{"first":358,"second":63,"amount":1},{"first":372,"second":63,"amount":1},{"first":373,"second":63,"amount":1},{"first":374,"second":38,"amount":-1},{"first":374,"second":63,"amount":1},{"first":375,"second":63,"amount":1},{"first":376,"second":38,"amount":-1},{"first":376,"second":63,"amount":1}]}